{
  "annotations/annotation.xml": 1610733754675,
  "Component-dbg.js": 1610733791713,
  "Component-preload.js": 1610733791766,
  "Component.js": 1610688524811,
  "Component.js.bak": 1610688508927,
  "controller/Home-dbg.controller.js": 1610733791716,
  "controller/Home.controller.js": 1605247965168,
  "css/style-dbg.css": 1610733791730,
  "css/style.css": 1604571690665,
  "di.code-validation.core_issues.json": 1610733791084,
  "ext/controller/ListReportExt-dbg.controller.js": 1610733791720,
  "ext/controller/ListReportExt.controller.js": 1610726410831,
  "ext/controller/ObjectPageExt-dbg.controller.js": 1610733791724,
  "ext/controller/ObjectPageExt.controller.js": 1610726416147,
  "ext/view/Dimension.fragment.xml": 1610432349000,
  "ext/view/Measure.fragment.xml": 1610432349000,
  "i18n/i18n.properties": 1610688404283,
  "i18n/i18n.properties.bak": 1605250097617,
  "i18n/ListReport/DataModels/i18n.properties": 1610432349000,
  "index.html": 1610718012459,
  "manifest-bundle.zip": 1610733791919,
  "manifest.json": 1610733791330,
  "manifest.json.bak": 1610688353222,
  "model/models-dbg.js": 1610733791727,
  "model/models.js": 1604571690713,
  "neo-app.json": 1610733791882,
  "view/Home.view.xml": 1605247914858,
  "xs-app.json": 1605250610433
}