{
	"_version": "3.0.0",
	"identification": {
		"id": "d4bff512-9c5b-4494-9d24-18e8cfa5bcbf-1603363424000",
		"entityType": "bundle"
	},
	"payload": {
		"catalogs": [{
			"_version": "3.0.0",
			"identification": {
				"id": "defaultCatalogId",
				"title": "{{title}}",
				"entityType": "catalog",
				"i18n": "i18n/defaultCatalogId.properties"
			},
			"payload": {
				"viz": [{
					"id": "sap.iot.ua.modeler",
					"vizId": "ContentManager-ManageModels"
				}]
			}
		}],
		"groups": [{
			"_version": "3.0.0",
			"identification": {
				"id": "defaultGroupId",
				"title": "{{title}}",
				"entityType": "group",
				"i18n": "i18n/defaultGroupId.properties"
			},
			"payload": {
				"viz": []
			}
		}],
		"sites": [{
			"_version": "3.0.0",
			"identification": {
				"id": "ec46a6be-357a-4343-8c09-b0f8a46e41ce-1603363424000",
				"entityType": "site",
				"title": "SAP Fiori launchpad site on Cloud Foundry",
				"description": "SAP Fiori launchpad site on Cloud Foundry, deployed from SAP Web IDE"
			},
			"payload": {
				"config": {
					"ushellConfig": {
						"renderers": {
							"fiori2": {
								"componentData": {
									"config": {
										"applications": {
											"Shell-home": {}
										}
									}
								}
							}
						}
					}
				},
				"groupsOrder": ["defaultGroupId"],
				"sap.cloud.portal": {
					"config": {
						"theme.id": "sap_fiori_3",
						"theme.active": ["sap_fiori_3", "sap_fiori_3_dark", "sap_belize_hcb", "sap_belize_hcw"]
					}
				}
			}
		}]
	}
}